{"cameraMode":{"drawMode":0,"name":"Shaded","section":"Shading Mode"},"sceneLighting":false,"audioPlay":false,"sceneViewState":{"m_AlwaysRefresh":false,"showFog":true,"showSkybox":false,"showFlares":true,"showImageEffects":true,"showParticleSystems":true,"showVisualEffectGraphs":true,"m_FxEnabled":false},"in2DMode":false,"pivot":{"x":440.6660461425781,"y":560.4430541992188,"z":-0.91546630859375},"rotation":{"x":-0.05849165469408035,"y":-0.0045821270905435089,"z":0.0002551331417635083,"w":-0.9983101487159729},"size":259.31146240234377,"orthographic":false}